Name,Website URL,Application URL,Category,Status,Location,Synopsis
Models 1,https://www.models1.co.uk/,https://www.models1.co.uk/apply/,High Fashion & Editorial,active,"London, UK","Europe's leading model agency based in London, representing top international talent across women's, men's, and talent boards."
Elite London,https://www.elitemodel.co.uk/,https://www.elitemodelmanagement.com/london/get-scouted.web,High Fashion & Editorial,active,"London, UK","Part of the prestigious global Elite network, representing legendary supermodels and emerging high-fashion talent."
IMG Models London,https://www.imgmodels.com/,https://getscouted.imgmodels.com/,High Fashion,active,"London, UK","A world leader in talent discovery and model management, representing some of the fashion industry's most recognizable faces."
Storm Model Management,https://www.stormmanagement.com/,https://www.stormmanagement.com/apply-step-1/,High Fashion & Editorial,active,"London, UK","A legendary agency famous for discovering icons like Kate Moss, specializing in high fashion, talent, and creative management."
Wilhelmina Models London,https://www.wilhelmina.com/london/,https://www.wilhelmina.com/become-a-model,Commercial & Lifestyle,active,"London, UK","One of the world's most recognized model management companies, representing a diverse range of models and celebrities."
Premier Model Management,https://www.premiermodelmanagement.com/,https://www.premiermodelmanagement.com/become-a-model/,High Fashion & Editorial,active,"London, UK",An iconic London agency known for its historical impact on the industry and its high-profile roster of fashion models.
Base Model & Influencer Agency,https://www.basemodels.co.uk/,https://www.basemodels.co.uk/become/,"Micro, Boutique & Promotional",active,"London, UK","A leading commercial agency representing a diverse range of models, influencers, and actors for lifestyle campaigns."
Sandra Reynolds Model Agency,https://www.sandrareynolds.co.uk/,https://www.sandrareynolds.co.uk/join-our-agency,Commercial & Niche Specialist,active,"London, UK","A highly respected agency with a 50-year history, representing commercial models, actors, and real talent across the UK."
MiLK Management,https://www.milkmanagement.co.uk/,https://www.milkmanagement.co.uk/be-scouted/,Commercial & Lifestyle,active,"London, UK","A forward-thinking agency focused on diversity and inclusion within the fashion, broadcast, and digital talent sectors."
Nevs Models,https://www.nevsmodels.co.uk/,https://www.nevsmodels.co.uk/apply,Commercial & Niche Specialist,active,"London, UK",A long-established boutique agency in London providing personalized management for fashion and commercial models.
First Model Management,https://www.firstmodelmanagement.co.uk/,https://www.firstmodelmanagement.co.uk/become-a-model,Commercial & Niche Specialist,active,"London, UK","Focuses on the long-term career development of its talent, representing a wide spectrum of models for global campaigns."
BMA Models,https://www.bmamodels.com/,https://bmamodels.com/apply-to-join/,Commercial & Niche Specialist,active,"London, UK","A major player in the commercial sector, representing models, actors, and specialized talent for top brands."
Nemesis Models,https://www.nemesismodels.com/,https://www.nemesismodels.com/join,Regional (North & Scotland),active,"Manchester, UK","Manchester's premier agency representing a wide range of talent including new faces, classics, and digital influencers."
Boss Model Management,https://www.bossmodelmanagement.co.uk/,https://www.bossmodelmanagement.co.uk/become-a-model/,High Fashion & Editorial,active,"Manchester, UK","A prominent Manchester-based agency with a global reach, representing top-tier models and providing casting services."
Industry Model Management,https://www.industrymodels.co.uk/,https://www.industrymodels.co.uk/become-a-model/,Regional (North & Scotland),active,"Manchester, UK","Operating in Manchester and Leeds, this agency represents premium fashion talent and creatives across the North."
J'adore Models,https://www.jadoremodels.co.uk/,https://www.jadoremodels.co.uk/apply,Regional (North & Scotland),active,"Manchester, UK","A boutique agency focusing on fresh faces and high-end fashion, known for its creative approach to talent management."
Grace and Galor,https://www.graceandgalor.com/,https://www.graceandgalor.com/join-us/,Commercial & Lifestyle,active,"London, UK","Specialists in babies, children, and teenagers, Grace and Galor is a leader in the UK child modeling market."
Bonnie & Betty,https://www.bonnieandbetty.com/,https://www.bonnieandbetty.com/apply,Regional (North & Scotland),active,"London, UK","A top-tier child model and talent agency representing diverse talent for film, TV, and photographic work."
Scallywags,https://www.scallywags.co.uk/,https://www.scallywags.co.uk/apply,Commercial & Lifestyle,active,"London, UK","One of London's longest-established child agencies, known for its professional and supportive approach to young talent."
Source Models,https://www.sourcemodels.co.uk/,https://www.sourcemodels.co.uk/apply,Commercial & Lifestyle,active,"London, UK",A top commercial agency specializing in lifestyle modeling and fitness talent for major national campaigns.
Select Model Management,https://www.selectmodel.com/london,https://www.selectmodel.com/become-a-model,High Fashion & Editorial,active,"London, UK","A global powerhouse in model management, Select is known for discovering many of the industry's most successful models."
IMG Models London,https://getscouted.imgmodels.com,https://getscouted.imgmodels.com/,High Fashion & Editorial,active,UK,High Fashion & Editorial agency based in the UK.
The Squad Management,https://www.thesquadmanagement.com,https://www.thesquadmanagement.com/join,High Fashion & Editorial,active,UK,High Fashion & Editorial agency based in the UK.
TESS Management,https://www.tessmanagement.com,https://www.tessmanagement.com/contact/,High Fashion & Editorial,active,UK,High Fashion & Editorial agency based in the UK.
Linden Staub,https://www.lindenstaub.com,https://www.lindenstaub.com/apply,High Fashion & Editorial,active,UK,High Fashion & Editorial agency based in the UK.
PRM Agency,https://www.prm-agency.com,https://www.prm-agency.com/become-a-model,High Fashion & Editorial,active,UK,High Fashion & Editorial agency based in the UK.
Body London,https://www.bodylondon.com,https://www.bodylondon.com/join-us,"Micro, Boutique & Promotional",active,UK,High Fashion & Editorial agency based in the UK.
Bridge Models,https://www.bridgemodels.co.uk,https://www.bridgemodels.co.uk/apply,High Fashion & Editorial,active,UK,High Fashion & Editorial agency based in the UK.
Grey Model Agency,https://greymodelagency.com,https://greymodelagency.com/apply,High Fashion & Editorial,active,UK,High Fashion & Editorial agency based in the UK.
IMM Models,https://www.immmodels.com,https://www.immmodels.com/become-a-model,Commercial & Niche Specialist,active,UK,High Fashion & Editorial agency based in the UK.
Kult London,https://www.kultlondon.uk,https://www.kultlondon.uk/become-a-model,High Fashion & Editorial,active,UK,High Fashion & Editorial agency based in the UK.
Profile Models,https://www.profile-models.com,https://www.profile-models.com/apply,High Fashion & Editorial,active,UK,High Fashion & Editorial agency based in the UK.
Established Models,https://www.establishedmodels.com,https://www.establishedmodels.com/become-a-model,High Fashion & Editorial,active,UK,High Fashion & Editorial agency based in the UK.
Zebedee Management,https://www.zebedeemanagement.co.uk,https://www.zebedeemanagement.co.uk/apply,High Fashion & Editorial,active,UK,High Fashion & Editorial agency based in the UK.
Ugly Models,https://www.ugly.org,https://www.ugly.org/wanabee,Commercial & Niche Specialist,active,UK,High Fashion & Editorial agency based in the UK.
W Model Management,https://www.wmgmt.co.uk,https://www.wmgmt.co.uk/apply,Commercial & Lifestyle,active,UK,Commercial & Lifestyle agency based in the UK.
Forte Model Management,https://www.fortemodelmanagement.com,https://www.fortemodelmanagement.com/apply,Commercial & Lifestyle,active,UK,Commercial & Lifestyle agency based in the UK.
Vision Models London,https://www.vision-models.com,https://www.vision-models.com/join-us,Commercial & Lifestyle,active,UK,Commercial & Lifestyle agency based in the UK.
Brother Models,https://www.brothermodels.com,https://www.brothermodels.com/contact,Commercial & Lifestyle,active,UK,Commercial & Lifestyle agency based in the UK.
Present Model Management,https://www.presentmodelmanagement.com,https://www.presentmodelmanagement.com/be-discovered,Commercial & Lifestyle,active,UK,Commercial & Lifestyle agency based in the UK.
Fresh Agents,https://www.freshagents.co.uk,https://www.freshagents.co.uk/apply,Commercial & Niche Specialist,active,UK,Commercial & Lifestyle agency based in the UK.
Bame Models,https://www.bamemodels.com,https://www.bamemodels.com/apply,Commercial & Lifestyle,active,UK,Commercial & Lifestyle agency based in the UK.
Bizzy Kidz Agency,https://bizzykidz.com,https://bizzykidz.com/apply-to-join/,Child & Teen,active,UK,Child & Teen agency based in the UK.
Ray & Robin,https://www.rayandrobin.com,https://www.rayandrobin.com/apply,Child & Teen,active,UK,Commercial & Lifestyle agency based in the UK.
Urban Angels,https://www.urbanangelsagency.com,https://www.urbanangelsagency.com/apply,Child & Teen,active,UK,Child & Teen agency based in the UK.
Manchester Model Agency (MMA),https://www.manchestermodelagency.com,https://www.manchestermodelagency.com/join-us,Regional (North & Scotland),active,UK,Regional (North & Scotland) agency based in the UK.
Mustard Models,https://www.mustardmodels.co.uk,https://www.mustardmodels.co.uk/apply,Regional (North & Scotland),active,UK,Regional (North & Scotland) agency based in the UK.
Colours Agency,https://www.coloursagency.com,https://www.coloursagency.com/apply,Commercial & Niche Specialist,active,UK,Regional (North & Scotland) agency based in the UK.
Tartan Models,https://www.tartanmodels.co.uk,https://www.tartanmodels.co.uk/apply,Regional (North & Scotland),active,UK,Regional (North & Scotland) agency based in the UK.
Gingersnap Models,https://www.gingersnap.co.uk,https://www.gingersnap.co.uk/become-a-model,Regional (North & Scotland),active,UK,Regional (North & Scotland) agency based in the UK.
Catwalk Model Management,https://www.catwalk-models.co.uk,https://www.catwalk-models.co.uk/application-form/,Regional (North & Scotland),active,UK,Regional (North & Scotland) agency based in the UK.
Maverick Models,https://www.maverickmodels.co.uk,https://www.maverickmodels.co.uk/apply,Regional (North & Scotland),active,UK,Regional (North & Scotland) agency based in the UK.
PHA Model Management,https://www.pha-agency.co.uk,https://www.pha-agency.co.uk/apply,Regional (North & Scotland),active,UK,Regional (North & Scotland) agency based in the UK.
VAUHAUS,https://www.vauhaus.co.uk,https://www.vauhaus.co.uk,Regional (North & Scotland),active,UK,Regional (North & Scotland) agency based in the UK.
Talent Management,https://www.talentmanagement.com,https://www.talentmanagement.com/register/,Regional (North & Scotland),active,UK,Regional (North & Scotland) agency based in the UK.
Junction 8 Models,https://www.junction8model.com,https://www.junction8model.com/register,Commercial & Niche Specialist,active,UK,Regional (North & Scotland) agency based in the UK.
Kids London,https://www.kidslondonltd.com,https://www.kidslondonltd.com/how-to-apply,Child & Teen,active,UK,Child & Teen agency based in the UK.
HF Management,https://www.hfmgmt.co.uk,https://www.hfmgmt.co.uk/apply,Regional (North & Scotland),active,UK,Regional (North & Scotland) agency based in the UK.
Daisy & Dukes,https://www.daisyanddukes.com,https://www.daisyanddukes.com/join-us,Regional (North & Scotland),active,UK,Regional (North & Scotland) agency based in the UK.
Ology Kids Casting,https://www.ologykidscasting.com,https://www.ologykidscasting.com/apply,Child & Teen,active,UK,Child & Teen agency based in the UK.
Uni-versal Extras,https://www.universalextras.co.uk,https://www.universalextras.co.uk/apply,TV Extras & Casting,active,UK,Regional (North & Scotland) agency based in the UK.
Casting Collective,https://www.castingcollective.co.uk,https://www.castingcollective.co.uk/artistes/urgent-casting-calls,TV Extras & Casting,active,UK,Regional (North & Scotland) agency based in the UK.
ACA Models,https://www.acamodels.com,https://www.acamodels.com/apply,Child & Teen,active,UK,Child & Teen agency based in the UK.
Nova Eire,https://www.novaeire.com,https://www.novaeire.com/apply,Child & Teen,active,UK,Child & Teen agency based in the UK.
The Extras Dept,https://www.theextrasdept.com,https://www.theextrasdept.com/register,TV Extras & Casting,active,UK,TV Extras & Casting agency based in the UK.
Oxygen Models,https://www.oxygenmodels.com,https://www.oxygenmodels.com/apply,Commercial & Niche Specialist,active,UK,Commercial & Niche Specialist agency based in the UK.
Next Management London,https://www.nextmanagement.com,https://www.nextmanagement.com/be-discovered,Commercial & Niche Specialist,active,UK,Commercial & Niche Specialist agency based in the UK.
Salt Model Management,https://www.saltmodelmanagement.com,https://www.saltmodelmanagement.com/become-a-model,Commercial & Niche Specialist,active,UK,Commercial & Niche Specialist agency based in the UK.
TTM Management,https://www.ttmmanagement.co.uk,https://www.ttmmanagement.co.uk/apply,TV Extras & Casting,active,UK,Commercial & Niche Specialist agency based in the UK.
The Hive Management,https://www.thehivemanagement.com,https://www.thehivemanagement.com/be-discovered,Commercial & Niche Specialist,active,UK,Commercial & Niche Specialist agency based in the UK.
Salt & Pepper Models,https://www.saltandpeppermodels.co.uk,https://www.saltandpeppermodels.co.uk/apply,Commercial & Niche Specialist,active,UK,Commercial & Niche Specialist agency based in the UK.
Zone Models,https://www.zone-models.com,https://www.zone-models.com/apply,Commercial & Niche Specialist,active,UK,Commercial & Niche Specialist agency based in the UK.
Elliott Brown Agency,https://www.elliottbrownagency.co.uk,https://www.elliottbrownagency.co.uk/apply,Commercial & Niche Specialist,active,UK,Commercial & Niche Specialist agency based in the UK.
Alphabet Kidz,https://www.alphabetkidz.co.uk,https://www.alphabetkidz.co.uk/apply,Child & Teen,active,UK,Child & Teen agency based in the UK.
Tiny Angels,https://www.tinyangels.co.uk,https://www.tinyangels.co.uk/apply,Child & Teen,active,UK,Child & Teen agency based in the UK.
W Athletic,http://www.wathletic.com,http://www.wathletic.com/contact-us/,Commercial & Niche Specialist,active,UK,Commercial & Niche Specialist agency based in the UK.
Hired Hands Models,https://www.hiredhandsmodels.com,https://www.hiredhandsmodels.com/apply,Niche: Parts & Fittings,active,UK,Niche: Parts & Fittings agency based in the UK.
Sports Models UK,https://www.sportsmodels.co.uk,https://www.sportsmodels.co.uk/apply,Commercial & Niche Specialist,active,UK,Commercial & Niche Specialist agency based in the UK.
M Models Management,https://www.m-models.co.uk,https://www.m-models.co.uk/apply-now,Commercial & Niche Specialist,active,UK,Commercial & Niche Specialist agency based in the UK.
Mustard Model Agency,https://www.bigmustard.co.uk,https://www.bigmustard.co.uk/apply,Commercial & Niche Specialist,active,UK,Commercial & Niche Specialist agency based in the UK.
Alpha Agency,https://www.alphaagency.co.uk,https://www.alphaagency.co.uk/apply,Commercial & Niche Specialist,active,UK,Commercial & Niche Specialist agency based in the UK.
New Idol Models,https://www.newidolmodel.co.uk,https://www.newidolmodel.co.uk/apply,Commercial & Niche Specialist,active,UK,Commercial & Niche Specialist agency based in the UK.
Emmjs Model Management,https://www.emmjsmodelmanagement.co.uk,https://www.emmjsmodelmanagement.co.uk/contact,Commercial & Niche Specialist,active,UK,Commercial & Niche Specialist agency based in the UK.
SHH Talent,https://www.shhtalent.com,https://www.shhtalent.com/apply,Commercial & Niche Specialist,active,UK,Commercial & Niche Specialist agency based in the UK.
Atlantis Modelling Agency,https://www.atlantismodellingagency.co.uk,https://www.atlantismodellingagency.co.uk/apply,Commercial & Niche Specialist,active,UK,Commercial & Niche Specialist agency based in the UK.
RMG Models,https://www.rmg-models.co.uk,https://www.rmg-models.co.uk/apply,Commercial & Niche Specialist,active,UK,Commercial & Niche Specialist agency based in the UK.
Valkyrie Models,https://www.valkyriemodels.co.uk,https://www.valkyriemodels.co.uk/apply,Commercial & Niche Specialist,active,UK,Commercial & Niche Specialist agency based in the UK.
Bondi Talent,https://www.bonditalent.co.uk,https://www.bonditalent.co.uk/apply,"Micro, Boutique & Promotional",active,UK,Commercial & Niche Specialist agency based in the UK.
PK Model Agency,https://www.pkmodelagency.co.uk,https://www.pkmodelagency.co.uk/apply,"Micro, Boutique & Promotional",active,UK,Commercial & Niche Specialist agency based in the UK.
Aspire Model Management,http://www.aspiremodelmanagement.co.uk,http://www.aspiremodelmanagement.co.uk/contact,Commercial & Niche Specialist,active,UK,Commercial & Niche Specialist agency based in the UK.
Eclipse Model Management,https://www.eclipsemodelmanagement.co.uk,https://www.eclipsemodelmanagement.co.uk/apply,Commercial & Niche Specialist,active,UK,Commercial & Niche Specialist agency based in the UK.
Mentor Model Agency,https://www.mentormodelagency.co.uk,https://www.mentormodelagency.co.uk/apply,"Micro, Boutique & Promotional",active,UK,Commercial & Niche Specialist agency based in the UK.
DK Models,https://www.dkmodels.net,https://www.dkmodels.net/apply,Commercial & Niche Specialist,active,UK,Commercial & Niche Specialist agency based in the UK.
LMP Models,https://www.lmpmodels.com,https://www.lmpmodels.com/contact,Commercial & Niche Specialist,active,UK,Commercial & Niche Specialist agency based in the UK.
Childsplay,https://childsplayclothing.com,https://childsplayclothing.com/pages/model-search,Child & Teen,active,UK,Child & Teen agency based in the UK.
Stepping Stone Performance,https://www.sspagency.co.uk,https://www.sspagency.co.uk/apply,Commercial & Niche Specialist,active,UK,Commercial & Niche Specialist agency based in the UK.
Little Red Dog,https://www.littlereddog.co.uk,https://www.littlereddog.co.uk/apply,Commercial & Niche Specialist,active,UK,Commercial & Niche Specialist agency based in the UK.
MA4B Baby Models,https://www.modelagency4baby.co.uk,https://www.modelagency4baby.co.uk/apply,Child & Teen,active,UK,Child & Teen agency based in the UK.
Connect Management,https://www.connectmgt.com,https://www.connectmgt.com/apply,Commercial & Niche Specialist,active,UK,Commercial & Niche Specialist agency based in the UK.
Bee Talent,https://www.beetalent.co.uk,https://www.beetalent.co.uk/apply,Commercial & Niche Specialist,active,UK,Commercial & Niche Specialist agency based in the UK.
TwentyTwo Talent,https://www.twentytwotalent.co.uk,https://www.twentytwotalent.co.uk/apply,Commercial & Niche Specialist,active,UK,Commercial & Niche Specialist agency based in the UK.
Brown and Mills,https://www.brownandmills.co.uk,https://www.brownandmills.co.uk/apply,Commercial & Niche Specialist,active,UK,Commercial & Niche Specialist agency based in the UK.
BMA Artists,https://www.bmaartists.com,https://www.bmaartists.com/apply,Commercial & Niche Specialist,active,UK,Commercial & Niche Specialist agency based in the UK.
Fit Angels,https://www.fitangels.co.uk,https://www.fitangels.co.uk/apply,Child & Teen,active,UK,Child & Teen agency based in the UK.
Fittings Division,https://www.fittingsdivision.co.uk,https://www.fittingsdivision.co.uk/apply,Niche: Parts & Fittings,active,UK,Niche: Parts & Fittings agency based in the UK.
The Bureau,https://www.the-bureau.com,https://www.the-bureau.com/apply,Commercial & Niche Specialist,active,UK,Commercial & Niche Specialist agency based in the UK.
Artimis Fitting Models,https://www.artimis.co.uk,https://www.artimis.co.uk/apply,Niche: Parts & Fittings,active,UK,Niche: Parts & Fittings agency based in the UK.
In House Models,https://www.inhousemodels.co.uk,https://www.inhousemodels.co.uk/apply,Commercial & Niche Specialist,active,UK,Commercial & Niche Specialist agency based in the UK.
BMA Hands,https://www.bmahands.com,https://www.bmahands.com/apply,Niche: Parts & Fittings,active,UK,Niche: Parts & Fittings agency based in the UK.
Flair Talent,https://www.flairtalent.com,https://www.flairtalent.com/apply,Commercial & Niche Specialist,active,UK,Commercial & Niche Specialist agency based in the UK.
Superior Model Management,https://www.superiormodelmanagement.co.uk,https://www.superiormodelmanagement.co.uk/apply,Commercial & Niche Specialist,active,UK,Commercial & Niche Specialist agency based in the UK.
Ray Knight Casting,https://www.rayknight.co.uk,https://www.rayknight.co.uk/apply,TV Extras & Casting,active,UK,TV Extras & Casting agency based in the UK.
Two 10 Casting,https://www.two10casting.com,https://www.two10casting.com/apply,TV Extras & Casting,active,UK,TV Extras & Casting agency based in the UK.
Extra People,https://www.extra-people.com,https://www.extra-people.com/apply,TV Extras & Casting,active,UK,TV Extras & Casting agency based in the UK.
Piece of Cake Casting,https://www.pieceofcakecasting.com,https://www.pieceofcakecasting.com/apply,TV Extras & Casting,active,UK,TV Extras & Casting agency based in the UK.
Phoenix Casting,https://www.phoenixcasting.tv,https://www.phoenixcasting.tv/apply,TV Extras & Casting,active,UK,TV Extras & Casting agency based in the UK.
ZBD Talent,https://www.zbdtalent.com,https://www.zbdtalent.com/apply,TV Extras & Casting,active,UK,TV Extras & Casting agency based in the UK.
Rachel's People,https://www.rachelspeople.co.uk,https://www.rachelspeople.co.uk/apply,TV Extras & Casting,active,UK,TV Extras & Casting agency based in the UK.
Bizzykidz,https://www.bizzykidzagency.com,https://www.bizzykidzagency.com/apply,Child & Teen,active,UK,Child & Teen agency based in the UK.
Model Students,https://www.modelstudents.co.uk,https://www.modelstudents.co.uk/apply,TV Extras & Casting,active,UK,TV Extras & Casting agency based in the UK.
Atlantis Modelling,https://www.atlantismodelling.com,https://www.atlantismodelling.com/apply,"Micro, Boutique & Promotional",active,UK,"Micro, Boutique & Promotional agency based in the UK."
Creative Casting,https://www.creativecasting.tv,https://www.creativecasting.tv/register,TV Extras & Casting,active,UK,TV Extras & Casting agency based in the UK.
Envisage Casting,https://www.envisagecastingagency.co.uk,https://www.envisagecastingagency.co.uk/apply,TV Extras & Casting,active,UK,TV Extras & Casting agency based in the UK.
Casting Tree,https://www.castingtree.co.uk,https://www.castingtree.co.uk/apply,TV Extras & Casting,active,UK,TV Extras & Casting agency based in the UK.
Take 1 Casting,https://www.take1casting.co.uk,https://www.take1casting.co.uk/apply,TV Extras & Casting,active,UK,TV Extras & Casting agency based in the UK.
Flair Events,https://www.eventstaffing.co.uk,https://www.eventstaffing.co.uk/join-us,"Micro, Boutique & Promotional",active,UK,"Micro, Boutique & Promotional agency based in the UK."
Push Promotions,https://www.pushpromotions.co.uk,https://www.pushpromotions.co.uk/apply,"Micro, Boutique & Promotional",active,UK,"Micro, Boutique & Promotional agency based in the UK."
Elpromotions,https://www.elpromotions.co.uk,https://www.elpromotions.co.uk/apply,"Micro, Boutique & Promotional",active,UK,"Micro, Boutique & Promotional agency based in the UK."
Tidy Promotions,https://www.tidypromo.com,https://www.tidypromo.com/join,"Micro, Boutique & Promotional",active,UK,"Micro, Boutique & Promotional agency based in the UK."
Executional,https://www.executional.co.uk,https://www.executional.co.uk/apply,"Micro, Boutique & Promotional",active,UK,"Micro, Boutique & Promotional agency based in the UK."
Event Staffing Agency,https://www.eventsstaffingagency.co.uk,https://www.eventsstaffingagency.co.uk/apply,"Micro, Boutique & Promotional",active,UK,"Micro, Boutique & Promotional agency based in the UK."
Mint People,https://www.mint-people.co.uk,https://www.mint-people.co.uk/apply,"Micro, Boutique & Promotional",active,UK,"Micro, Boutique & Promotional agency based in the UK."
Host Staffing,https://www.host-staffing.co.uk,https://www.host-staffing.co.uk/apply,"Micro, Boutique & Promotional",active,UK,"Micro, Boutique & Promotional agency based in the UK."
Splendid,https://www.splendid.co.uk,https://www.splendid.co.uk/apply,"Micro, Boutique & Promotional",active,UK,"Micro, Boutique & Promotional agency based in the UK."
Iconic Faces Collective,https://www.iconicfacescollective.com,https://www.iconicfacescollective.com/apply,"Micro, Boutique & Promotional",active,UK,"Micro, Boutique & Promotional agency based in the UK."
ZJELL Model Agency,https://www.zjell.com,https://www.zjell.com/apply,"Micro, Boutique & Promotional",active,UK,"Micro, Boutique & Promotional agency based in the UK."
Nova Artists,https://www.novaartists.co.uk,https://www.novaartists.co.uk/apply,"Micro, Boutique & Promotional",active,UK,"Micro, Boutique & Promotional agency based in the UK."
Capulet,https://www.capulet.co.uk,https://www.capulet.co.uk/apply,"Micro, Boutique & Promotional",active,UK,"Micro, Boutique & Promotional agency based in the UK."
Gilbert & Payne,https://www.gilbertandpayne.com,https://www.gilbertandpayne.com/apply,"Micro, Boutique & Promotional",active,UK,"Micro, Boutique & Promotional agency based in the UK."
Michelle Blair Management,https://www.michelleblairmanagement.co.uk,https://www.michelleblairmanagement.co.uk/apply,"Micro, Boutique & Promotional",active,UK,"Micro, Boutique & Promotional agency based in the UK."
Mostyn & Cross,https://www.mostynandcross.com,https://www.mostynandcross.com/apply,"Micro, Boutique & Promotional",active,UK,"Micro, Boutique & Promotional agency based in the UK."
Nic Knight Management,https://www.nicknightmanagement.com,https://www.nicknightmanagement.com/apply,"Micro, Boutique & Promotional",active,UK,"Micro, Boutique & Promotional agency based in the UK."
West Model Management,https://www.westmodelmanagement.com,https://www.westmodelmanagement.com/apply,"Micro, Boutique & Promotional",active,UK,"Micro, Boutique & Promotional agency based in the UK."
Platinum Promotions,https://www.platinum-promotions.co.uk,https://www.platinum-promotions.co.uk/apply,"Micro, Boutique & Promotional",active,UK,"Micro, Boutique & Promotional agency based in the UK."
Develop Model Management,https://www.develop-models.com,https://www.develop-models.com/apply,Regional (North & Scotland),active,UK,Regional (North & Scotland) agency based in the UK.
Code 3 Models,https://www.code3models.co.uk,https://www.code3models.co.uk/apply,"Micro, Boutique & Promotional",active,UK,"Micro, Boutique & Promotional agency based in the UK."
Perception Models,https://www.perceptionmodels.com,https://www.perceptionmodels.com/apply,"Micro, Boutique & Promotional",active,UK,"Micro, Boutique & Promotional agency based in the UK."
Ulla Models,https://www.ullamodels.com,https://www.ullamodels.com/apply,"Micro, Boutique & Promotional",active,UK,"Micro, Boutique & Promotional agency based in the UK."
Go-Models UK,https://www.go-models.com,https://www.go-models.com/apply,"Micro, Boutique & Promotional",active,UK,"Micro, Boutique & Promotional agency based in the UK."
Freelancer Club,https://www.freelancerclub.net,https://www.freelancerclub.net/apply,"Micro, Boutique & Promotional",active,UK,"Micro, Boutique & Promotional agency based in the UK."
All Talent Agency,https://www.alltalentagency.co.uk,https://www.alltalentagency.co.uk/apply,Regional (North & Scotland),active,UK,Regional (North & Scotland) agency based in the UK.
Emkai Models (94Models),https://www.94models.com,https://www.94models.com/contact,"Micro, Boutique & Promotional",active,UK,"Micro, Boutique & Promotional agency based in the UK."
AS Agency,https://www.asagency.co.uk,https://www.asagency.co.uk/apply,Commercial & Niche Specialist,active,UK,Commercial & Niche Specialist agency based in the UK.
Fusion Management,https://www.fusionmng.com,https://www.fusionmng.com/apply,Commercial & Niche Specialist,active,UK,Commercial & Niche Specialist agency based in the UK.
